ECOM036,
FRID124,
FRID125,
FRID126,
FRID127,
FRID128,
GWLD301,
JCHO022,
KITC074,
KITC075,
KITC076,
KITC077,
KITC078,
KITC079,
KITC080,
KITC081,
KITC082,
KITC083,
KITC084,
KITC085,
KRAA001T,
KRAQ001T,
KRAQ002T,
KRAQ003T,
KRAQ004T,
KRBE001T,
KRBX001T,
KRBX002T,
KRBX003T,
KRBX004T,
KRCA005T,
KRCA020T,
KRCA023T,
KRCA025T,
KRCA040T,
KRCA044T,
KRCA045T,
KRCA052T,
KRCA056T,
KRCA063T,
KRCA067T,
KRCAT05T,
KRCAT20T,
KRCAT23T,
KRCAT25T,
KRCAT40T,
KRCAT45T,
KRCAT52T,
KRCAT56T,
KRCAT63T,
KRCAT67T,
KRCC004T,
KRCC007T,
KRDT001T,
KRDT003,
KRDTT01T,
KRFB002T,
KRFB003T,
KRFE003T,
KRFE004T,
KRFE005T,
KRFE009T,
KRFF007T,
KRFF013T,
KRFF014T,
KRFF016T,
KRFK001T,
KRFP001T,
KRFR004T,
KRFR008T,
KRGC003T,
KRGM007T,
KRGS001T,
KRHC002T,
KRHH002T,
KRHH003T,
KRHH004T,
KRHH005T,
KRHI001T,
KRHI002T,
KRHK001T,
KRHS001T,
KRHT003T,
KRHT004T,
KRHT005T,
KRID009,
KRIF003,
KRJC009T,
KRJG004T,
KRJG005T,
KRJG007T,
KRJG008T,
KRJL003T,
KRJP001T,
KRJR002T,
KRJW005T,
KRJW022T,
KRJW025T,
KRJW026TB,
KRJW027TB,
KRJW028T,
KRJW030TB,
KRJW031TB,
KRJW032TB,
KRKS003T,
KRKS005T,
KRKS006T,
KRKS007T,
KRKT001T,
KRLE007T,
KRLE009T,
KRLR001T,
KRLR002T,
KRMA001T,
KRMB002T,
KRMC012T,
KRMC013T,
KRMD001L,
KRMDT01L,
KRME001T,
KRMG002T,
KRMG003T,
KRMG006T,
KRMG007T,
KRMG010T,
KRMG011T,
KRMG012T,
KRMM002T,
KRMO001T,
KRMO002T,
KRMP017T,
KRMP021T,
KRMP022T,
KRMS001L,
KRMST01L,
KRMV006T,
KRMV007T,
KRMV009T,
KRMV010T,
KRMV011T,
KRMV012T,
KRMV013T,
KRMX004T,
KRNN004T,
KRNP002T,
KRNQ001T,
KRNQ002T,
KRNX006T,
KROM001T,
KRPC003T,
KRPC004T,
KRPR001T,
KRRD002T,
KRRD003T,
KRRD004T,
KRRK002T,
KRRR008T,
KRRR009T,
KRRS001T,
KRSA001T,
KRSF003T,
KRSF004T,
KRSF005T,
KRSO003T,
KRSO004T,
KRSS001T,
KRSS003T,
KRSV002T,
KRSX004T,
KRSY001T,
KRTF005T,
KRTH003T,
KRTHT03T,
KRTP011T,
KRTP013T,
KRTR002T,
KRTR003T,
KRTT004T,
KRVA002T,
KRVA006T,
KRVC002T,
KRVC005T,
KRVC006T,
KRVC007T,
KRVG001T,
KRVP001T,
KRVP002T,
KRVP003T,
KRVT001T,
KRVT008T,
KRVT009T,
KRVT010T,
KRVT012T,
KRVT013T,
KRVU001T,
KRVV001T,
KRVV002T,
KRVV003T,
KRVV004T,
KRVX001T,
KRVX002T,
KRVX003T,
KRVX004T,
KRVX005T,
KSTH002T,KSTH004T
KSTH003T,KSTH005T
KWTAN004,
LALD006,LALD009
LAMG002,LAMG003
LASJ002,LASJ004
LATL003,LATL005
LATL004,LATL006
LAVT001,LAVT003
LIGH179,
LIGH198,
REQU031,REQU325
RRAC042,RRAC129
RRAC077,RRAC210
RRAC114,
RRAC153,RRAC189
RRAC154,RRAC214
RRAC158,RRAC283
RRAC169,RRAC222
RRAC171,RRAC247
RRAC179,RRAC258
RRAC193,RRAC245
RRAC201,RRAC257
RRAC219,
RRAC961,
SSWO008,SSWO009
STRA057,STRA069
TBMK001,TBMK025
TBMK004,TBMK023
TBMK010,TBMK041
TBMK012,TBMK019
TBMK013,TBMK031
TBMK014,TBMK032
TBMK016,TBMK040
TENT036,AWNI101
TENT043,AWNI100
WTAN030,WTAN088
WTAN061,WTAN070
RRAC223,RRAC305
RRAC232,RRAC244
RRAC962,
TBMK029,TBMK042
TBMK030,TBMK043
FRID152,
FRID153,
FRID154,
FRID155,
FRID156,
FRID157,
FRID158,
FRID159,
FRID160,
FRID161,
FRID162,
FRID163,
FRID164,
FRID165,
FRID166,
KITC130,
KITC131,
KITC132,
KITC133,
KITC134,
KITC135,
KITC136,
KITC137,
KITC138,
KITC139,
KITC140,
KITC141,
KITC142,
KITC143,
KITC144,
KITC145,
KITC146,
KITC147,
KITC148,
KITC149,
KITC150,
KITC151,
KITC152,
KITC153,
KITC154,
KITC155,
KITC156,
KITC157,
KITC158,
KITC159,
KITC160,
KITC161,
KITC162,
KITC163,
KITC164,
KITC183,
KITC184,
KITC185,
KITC186,
KITC187,
KITC188,
KITC189,
KITC190,
KITC191,
KRCT002T,
KRMV014T,KRMV028T
KRMV015T,KRMV029T
KRMV016T,KRMV026T
KRMV017T,KRMV027T
KRMV018T,KRMV030T
KRMV019T,KRMV031T
FSLI029,FSLI021
FSLI030,FSLI022
FSLI031,FSLI023
KITC103,KITC219
KITC104,KITC218
KRCB001T,
KRDR023,KRDR022
KRDR024,KRDR022
KRDR026,KRDR025
KRDR027,KRDR025
KRFF029,KRFF028
KRFF030,KRFF028
KRFF032,KRFF031
KRFF035,KRFF034
KRFF037,KRFF036
KRFR015T,KRFR026T
KRFR020T,KRFR027T
KRJG010T,KRJG016T
KRPE001T,
KRTT006T,KRTT011T
KRTT967,KRRT966
KRTT968,KRRT966
KRTT973,KRRT972
KRTT974,KRRT972
KRVC012T,
KRPE002T,
KRAA002T,
KRAE001T,
KRBF001T,
KRPE003T,
KSFR006T,KSFR008T
KSFR007T,KSFR009T
KRVO001T,
KRVX006T,
LASJ003,LASJ004
SBOX062,SBOX076
KRIG001T,KRIG006T
RRAC251,RRAC313
KRIG002T,KRIG007T
SBOX064,
SBOX065,
SBOX066,
SBOX067,
SBOX068,
SBOX069,
WTAN065,
WTAN066,
WTAN067,
KRAQ005T,
KRBX005T,
KRJG005T,KRJG014T
KRJG007T,
KRJG008T,KRJG015T